winner_num,cpr
1.0,0.4103813143613404
2.0,0.38483638406386556
3.0,0.2646563105001176
4.0,0.10185122695716808
