winner_num,ar,ar_self
1.0,-0.06364675134745879,0.03885262474719231
2.0,0.10731280734377169,-0.07522563676768146
3.0,0.07896657550439734,-0.15348677167470037
4.0,0.004253414045374715,-0.14368061398859366
