winner_num,ar,ar_self
1.0,1.4319367260610787,0.20879585841552428
2.0,1.4807723110338706,-0.08921237986015496
3.0,0.21471460177467416,-0.026582279144521936
4.0,0.1582709930954116,-0.16829767927407002
