winner_num,ar,ar_self
1.0,1.6064265615703408,1.8650006749237726
2.0,0.825474651216278,0.31510455234545365
3.0,0.7711124483300382,0.1643413541454266
4.0,0.6895489750167327,-0.03209600803469215
