winner_num,ar,ar_self
1.0,0.48338735817313827,1.8650006749237726
2.0,1.2798137649550272,0.31510455234545365
3.0,0.6707015476004492,0.1643413541454266
4.0,0.6946115309923591,-0.03209600803469215
