winner_num,ar,ar_self
1.0,2.2585318670502423,0.5201470465541727
2.0,2.0731803943857887,0.3079859781872585
3.0,1.0821775790627859,0.10477114867928283
4.0,0.7413306938685398,-0.03932550883981312
