winner_num,ar,ar_self
1.0,2.827576459755821,0.5201470465541727
2.0,0.8937558282841138,0.3079859781872585
3.0,0.375774161111611,0.10477114867928283
4.0,0.4312293098929978,-0.03932550883981312
