winner_num,ar,ar_self
1.0,0.31381546857244924,0.04253261229270233
2.0,1.4229060965246934,-0.15673639769612024
3.0,0.4150365357102279,0.20400446243168635
4.0,0.11567338550167139,0.11215198256390835
