winner_num,ar,ar_self
1.0,1.2100206860824634,0.04253261229270233
2.0,0.9122051053283489,-0.15673639769612024
3.0,0.8167486845661389,0.20400446243168635
4.0,0.4587649942153287,0.11215198256390835
