"num_stocks","execution_time"
10,8.72762703895569
11,24.1480598449707
12,61.6805839538574
